target,day,actual_event,negative_event,positive_event,predictions,source,threshold
close,1,1,0.0,0.0,1,volume,-1.0
close,2,0,0.669979,0.330021,1,volume,-1.0
close,3,1,0.633741,0.366259,1,volume,-1.0
close,4,1,0.662728,0.337272,1,volume,-1.0
close,5,1,0.65171,0.34829,1,volume,-1.0
close,6,1,0.673664,0.326336,1,volume,-1.0
close,7,0,0.651263,0.348737,1,volume,-1.0
close,8,0,0.648705,0.351295,1,volume,-1.0
close,9,0,0.677551,0.322449,1,volume,-1.0
close,10,1,0.657701,0.342299,1,volume,-1.0
close,11,1,0.650737,0.349263,1,volume,-1.0
close,12,0,0.642211,0.357789,1,volume,-1.0
close,13,0,0.691695,0.308305,1,volume,-1.0
close,14,1,0.67583,0.32417,1,volume,-1.0
close,15,1,0.690068,0.309932,1,volume,-1.0
close,16,1,0.657343,0.342657,1,volume,-1.0
close,17,1,0.668109,0.331891,1,volume,-1.0
close,18,0,0.646399,0.353601,1,volume,-1.0
close,19,0,0.667971,0.332029,1,volume,-1.0
close,20,0,0.67769,0.32231,1,volume,-1.0
close,21,1,0.630104,0.369896,1,volume,-1.0
close,22,0,0.665966,0.334034,1,volume,-1.0
close,23,0,0.653011,0.346989,1,volume,-1.0
close,24,0,0.659704,0.340296,1,volume,-1.0
close,25,0,0.680083,0.319917,1,volume,-1.0
close,26,1,0.66173,0.33827,1,volume,-1.0
close,27,1,0.663747,0.336253,1,volume,-1.0
close,28,1,0.658562,0.341438,1,volume,-1.0
close,29,0,0.689497,0.310503,1,volume,-1.0
close,30,0,0.680845,0.319155,1,volume,-1.0
close,31,0,0.660412,0.339588,1,volume,-1.0
close,32,0,0.67478,0.32522,1,volume,-1.0
close,33,0,0.669232,0.330768,1,volume,-1.0
close,34,1,0.628569,0.371431,1,volume,-1.0
close,35,1,0.665592,0.334408,1,volume,-1.0
close,36,0,0.655801,0.344199,1,volume,-1.0
close,37,0,0.648719,0.351281,1,volume,-1.0
close,38,0,0.65621,0.34379,1,volume,-1.0
close,39,0,0.671169,0.328831,1,volume,-1.0
close,40,1,0.642036,0.357964,1,volume,-1.0
close,41,1,0.582109,0.417891,1,volume,-1.0
close,42,1,0.629313,0.370687,1,volume,-1.0
close,43,0,0.680365,0.319635,1,volume,-1.0
close,44,1,0.666983,0.333017,1,volume,-1.0
close,45,1,0.637939,0.362061,1,volume,-1.0
close,46,0,0.657289,0.342711,1,volume,-1.0
close,47,1,0.667716,0.332284,1,volume,-1.0
close,48,1,0.673302,0.326698,1,volume,-1.0
close,49,1,0.636461,0.363539,1,volume,-1.0
close,50,1,0.65515,0.34485,1,volume,-1.0
close,51,0,0.705381,0.294619,1,volume,-1.0
close,52,1,0.633472,0.366528,1,volume,-1.0
close,53,0,0.68448,0.31552,1,volume,-1.0
close,54,0,0.661117,0.338883,1,volume,-1.0
close,55,0,0.676742,0.323258,1,volume,-1.0
close,56,1,0.652152,0.347848,1,volume,-1.0
close,57,1,0.647744,0.352256,1,volume,-1.0
close,58,0,0.664562,0.335438,1,volume,-1.0
close,59,1,0.640441,0.359559,1,volume,-1.0
close,60,0,0.630393,0.369607,1,volume,-1.0
close,61,0,0.658271,0.341729,1,volume,-1.0
close,62,0,0.672512,0.327488,1,volume,-1.0
close,63,1,0.637783,0.362217,1,volume,-1.0
close,64,1,0.632778,0.367222,1,volume,-1.0
close,65,0,0.684094,0.315906,1,volume,-1.0
close,66,0,0.708791,0.291209,1,volume,-1.0
close,67,1,0.620954,0.379046,1,volume,-1.0
close,68,1,0.612307,0.387693,1,volume,-1.0
close,69,0,0.728991,0.271009,1,volume,-1.0
close,70,1,0.657359,0.342641,1,volume,-1.0
close,71,1,0.640172,0.359828,1,volume,-1.0
close,72,1,0.665205,0.334795,1,volume,-1.0
close,73,0,0.679226,0.320774,1,volume,-1.0
close,74,0,0.660956,0.339044,1,volume,-1.0
close,75,0,0.646034,0.353966,1,volume,-1.0
close,76,1,0.638024,0.361976,1,volume,-1.0
close,77,0,0.707071,0.292929,1,volume,-1.0
close,78,1,0.624288,0.375712,1,volume,-1.0
close,79,0,0.694398,0.305602,1,volume,-1.0
close,80,1,0.670385,0.329615,1,volume,-1.0
close,81,1,0.628849,0.371151,1,volume,-1.0
close,82,1,0.629243,0.370757,1,volume,-1.0
close,83,1,0.623565,0.376435,1,volume,-1.0
close,84,1,0.60408,0.39592,1,volume,-1.0
close,85,0,0.679157,0.320843,1,volume,-1.0
close,86,0,0.657197,0.342803,1,volume,-1.0
close,87,1,0.642263,0.357737,1,volume,-1.0
close,88,1,0.654843,0.345157,1,volume,-1.0
close,89,1,0.662826,0.337174,1,volume,-1.0
close,90,1,0.661866,0.338134,1,volume,-1.0
close,91,1,0.65529,0.34471,1,volume,-1.0
close,92,0,0.688818,0.311182,1,volume,-1.0
close,93,0,0.680604,0.319396,1,volume,-1.0
close,94,1,0.61016,0.38984,1,volume,-1.0
close,95,0,0.694582,0.305418,1,volume,-1.0
close,96,0,0.670223,0.329777,1,volume,-1.0
close,97,1,0.650688,0.349312,1,volume,-1.0
close,98,1,0.655203,0.344797,1,volume,-1.0
close,99,1,0.645297,0.354703,1,volume,-1.0
close,100,0,0.693873,0.306127,1,volume,-1.0
close,101,1,0.660573,0.339427,1,volume,-1.0
close,102,0,0.683494,0.316506,1,volume,-1.0
close,103,0,0.714286,0.285714,1,volume,-1.0
close,104,0,0.686948,0.313052,1,volume,-1.0
close,105,1,0.638429,0.361571,1,volume,-1.0
close,106,0,0.67905,0.32095,1,volume,-1.0
close,107,0,0.668976,0.331024,1,volume,-1.0
close,108,0,0.64246,0.35754,1,volume,-1.0
close,109,0,0.680083,0.319917,1,volume,-1.0
close,110,1,0.645241,0.354759,1,volume,-1.0
close,111,0,0.640247,0.359753,1,volume,-1.0
close,112,0,0.679238,0.320762,1,volume,-1.0
close,113,1,0.612553,0.387447,1,volume,-1.0
close,114,1,0.647699,0.352301,1,volume,-1.0
close,115,0,0.647573,0.352427,1,volume,-1.0
close,116,0,0.672529,0.327471,1,volume,-1.0
close,117,1,0.636653,0.363347,1,volume,-1.0
close,118,1,0.625169,0.374831,1,volume,-1.0
close,119,1,0.634479,0.365521,1,volume,-1.0
close,120,0,0.678214,0.321786,1,volume,-1.0
close,121,0,0.69567,0.30433,1,volume,-1.0
close,122,1,0.660812,0.339188,1,volume,-1.0
close,123,1,0.64941,0.35059,1,volume,-1.0
close,124,0,0.662856,0.337144,1,volume,-1.0
close,125,1,0.666338,0.333662,1,volume,-1.0
close,126,0,0.682361,0.317639,1,volume,-1.0
close,127,0,0.711865,0.288135,1,volume,-1.0
close,128,0,0.675321,0.324679,1,volume,-1.0
close,129,1,0.658222,0.341778,1,volume,-1.0
close,130,0,0.69965,0.30035,1,volume,-1.0
close,131,0,0.714799,0.285201,1,volume,-1.0
close,132,0,0.645257,0.354743,1,volume,-1.0
close,133,1,0.626793,0.373207,1,volume,-1.0
close,134,1,0.620455,0.379545,1,volume,-1.0
close,135,1,0.646829,0.353171,1,volume,-1.0
close,136,0,0.673881,0.326119,1,volume,-1.0
close,137,1,0.671586,0.328414,1,volume,-1.0
close,138,0,0.675909,0.324091,1,volume,-1.0
close,139,0,0.660163,0.339837,1,volume,-1.0
close,140,1,0.675656,0.324344,1,volume,-1.0
close,141,1,0.646606,0.353394,1,volume,-1.0
close,142,1,0.603556,0.396444,1,volume,-1.0
close,143,0,0.679289,0.320711,1,volume,-1.0
close,144,1,0.631236,0.368764,1,volume,-1.0
close,145,0,0.686818,0.313182,1,volume,-1.0
close,146,0,0.673757,0.326243,1,volume,-1.0
close,147,0,0.746235,0.253765,1,volume,-1.0
close,148,0,0.614709,0.385291,1,volume,-1.0
close,149,1,0.616502,0.383498,1,volume,-1.0
close,150,1,0.650417,0.349583,1,volume,-1.0
close,151,1,0.676229,0.323771,1,volume,-1.0
close,152,0,0.670202,0.329798,1,volume,-1.0
close,153,0,0.660456,0.339544,1,volume,-1.0
close,154,0,0.602465,0.397535,1,volume,-1.0
close,155,1,0.62538,0.37462,1,volume,-1.0
close,156,1,0.635833,0.364167,1,volume,-1.0
close,157,1,0.677271,0.322729,1,volume,-1.0
close,158,0,0.674999,0.325001,1,volume,-1.0
close,159,1,0.603201,0.396799,1,volume,-1.0
close,160,0,0.711673,0.288327,1,volume,-1.0
close,161,0,0.694209,0.305791,1,volume,-1.0
close,162,1,0.60439,0.39561,1,volume,-1.0
close,163,1,0.642045,0.357955,1,volume,-1.0
close,164,1,0.649024,0.350976,1,volume,-1.0
close,165,1,0.631082,0.368918,1,volume,-1.0
close,166,0,0.656596,0.343404,1,volume,-1.0
close,167,1,0.612989,0.387011,1,volume,-1.0
close,168,0,0.706998,0.293002,1,volume,-1.0
close,169,0,0.682557,0.317443,1,volume,-1.0
close,170,1,0.661073,0.338927,1,volume,-1.0
close,171,1,0.659485,0.340515,1,volume,-1.0
close,172,0,0.651796,0.348204,1,volume,-1.0
close,173,1,0.654569,0.345431,1,volume,-1.0
close,174,0,0.676205,0.323795,1,volume,-1.0
close,175,1,0.609522,0.390478,1,volume,-1.0
close,176,0,0.645269,0.354731,1,volume,-1.0
close,177,0,0.599024,0.400976,1,volume,-1.0
close,178,1,0.666384,0.333616,1,volume,-1.0
close,179,0,0.71592,0.28408,1,volume,-1.0
close,180,0,0.672045,0.327955,1,volume,-1.0
close,181,0,0.638089,0.361911,1,volume,-1.0
close,182,0,0.66766,0.33234,1,volume,-1.0
close,183,1,0.648295,0.351705,1,volume,-1.0
close,184,1,0.622121,0.377879,1,volume,-1.0
close,185,1,0.635475,0.364525,1,volume,-1.0
close,186,0,0.616293,0.383707,1,volume,-1.0
close,187,0,0.672261,0.327739,1,volume,-1.0
close,188,1,0.654326,0.345674,1,volume,-1.0
close,189,1,0.628787,0.371213,1,volume,-1.0
close,190,0,0.654137,0.345863,1,volume,-1.0
close,191,0,0.662361,0.337639,1,volume,-1.0
close,192,1,0.605641,0.394359,1,volume,-1.0
close,193,0,0.668934,0.331066,1,volume,-1.0
close,194,0,0.668066,0.331934,1,volume,-1.0
close,195,0,0.697989,0.302011,1,volume,-1.0
close,196,1,0.693249,0.306751,1,volume,-1.0
close,197,0,0.639236,0.360764,1,volume,-1.0
close,198,0,0.67996,0.32004,1,volume,-1.0
close,199,0,0.696005,0.303995,1,volume,-1.0
close,200,0,0.657157,0.342843,1,volume,-1.0
close,201,0,0.668777,0.331223,1,volume,-1.0
close,202,0,0.672913,0.327087,1,volume,-1.0
close,203,1,0.626195,0.373805,1,volume,-1.0
close,204,1,0.60729,0.39271,1,volume,-1.0
close,205,0,0.602975,0.397025,1,volume,-1.0
close,206,1,0.570514,0.429486,1,volume,-1.0
close,207,1,0.534244,0.465756,1,volume,-1.0
close,208,0,0.712641,0.287359,1,volume,-1.0
close,209,0,0.675189,0.324811,1,volume,-1.0
close,210,0,0.643433,0.356567,1,volume,-1.0
close,211,0,0.682089,0.317911,1,volume,-1.0
close,212,0,0.658904,0.341096,1,volume,-1.0
close,213,1,0.581878,0.418122,1,volume,-1.0
close,214,0,0.667849,0.332151,1,volume,-1.0
close,215,1,0.643407,0.356593,1,volume,-1.0
close,216,0,0.669354,0.330646,1,volume,-1.0
close,217,1,0.628777,0.371223,1,volume,-1.0
close,218,0,0.664962,0.335038,1,volume,-1.0
close,219,0,0.651014,0.348986,1,volume,-1.0
close,220,0,0.652497,0.347503,1,volume,-1.0
close,221,0,0.73054,0.26946,1,volume,-1.0
close,222,1,0.672311,0.327689,1,volume,-1.0
close,223,1,0.642173,0.357827,1,volume,-1.0
close,224,0,0.67419,0.32581,1,volume,-1.0
close,225,1,0.652259,0.347741,1,volume,-1.0
close,226,1,0.667532,0.332468,1,volume,-1.0
close,227,0,0.696346,0.303654,1,volume,-1.0
close,228,0,0.695748,0.304252,1,volume,-1.0
close,229,0,0.714658,0.285342,1,volume,-1.0
close,230,0,0.702113,0.297887,1,volume,-1.0
close,231,0,0.711528,0.288472,1,volume,-1.0
close,232,1,0.651169,0.348831,1,volume,-1.0
close,233,0,0.677417,0.322583,1,volume,-1.0
close,234,0,0.662539,0.337461,1,volume,-1.0
close,235,0,0.650805,0.349195,1,volume,-1.0
close,236,1,0.640162,0.359838,1,volume,-1.0
close,237,0,0.66847,0.33153,1,volume,-1.0
close,238,0,0.638387,0.361613,1,volume,-1.0
close,239,0,0.726016,0.273984,1,volume,-1.0
close,240,1,0.594665,0.405335,1,volume,-1.0
close,241,0,0.666327,0.333673,1,volume,-1.0
close,242,1,0.634084,0.365916,1,volume,-1.0
close,243,0,0.612509,0.387491,1,volume,-1.0
close,244,1,0.664343,0.335657,1,volume,-1.0
close,245,1,0.582778,0.417222,1,volume,-1.0
close,246,0,0.664254,0.335746,1,volume,-1.0
close,247,0,0.685233,0.314767,1,volume,-1.0
close,248,1,0.635025,0.364975,1,volume,-1.0
close,249,1,0.628483,0.371517,1,volume,-1.0
close,250,0,0.726372,0.273628,1,volume,-1.0
close,251,0,0.688327,0.311673,1,volume,-1.0
close,252,0,0.652687,0.347313,1,volume,-1.0
close,253,1,0.61192,0.38808,1,volume,-1.0
close,254,0,0.737561,0.262439,1,volume,-1.0
close,255,1,0.649093,0.350907,1,volume,-1.0
close,256,0,0.701029,0.298971,1,volume,-1.0
close,257,0,0.685413,0.314587,1,volume,-1.0
close,258,0,0.660857,0.339143,1,volume,-1.0
close,259,0,0.663421,0.336579,1,volume,-1.0
close,260,1,0.609998,0.390002,1,volume,-1.0
close,261,1,0.618315,0.381685,1,volume,-1.0
close,262,0,0.669867,0.330133,1,volume,-1.0
close,263,1,0.66339,0.33661,1,volume,-1.0
close,264,1,0.666503,0.333497,1,volume,-1.0
close,265,1,0.68764,0.31236,1,volume,-1.0
close,266,0,0.675617,0.324383,1,volume,-1.0
close,267,0,0.651282,0.348718,1,volume,-1.0
close,268,1,0.597354,0.402646,1,volume,-1.0
close,269,0,0.68193,0.31807,1,volume,-1.0
close,270,1,0.620324,0.379676,1,volume,-1.0
close,271,1,0.614493,0.385507,1,volume,-1.0
close,272,0,0.653901,0.346099,1,volume,-1.0
close,273,0,0.672135,0.327865,1,volume,-1.0
close,274,1,0.591165,0.408835,1,volume,-1.0
close,275,1,0.662203,0.337797,1,volume,-1.0
close,276,0,0.657499,0.342501,1,volume,-1.0
close,277,0,0.727386,0.272614,1,volume,-1.0
close,278,0,0.661505,0.338495,1,volume,-1.0
close,279,1,0.59225,0.40775,1,volume,-1.0
close,280,1,0.656607,0.343393,1,volume,-1.0
close,281,0,0.664885,0.335115,1,volume,-1.0
close,282,1,0.663015,0.336985,1,volume,-1.0
close,283,1,0.656702,0.343298,1,volume,-1.0
close,284,1,0.654498,0.345502,1,volume,-1.0
close,285,0,0.650695,0.349305,1,volume,-1.0
close,286,0,0.69141,0.30859,1,volume,-1.0
close,287,0,0.718481,0.281519,1,volume,-1.0
close,288,1,0.674891,0.325109,1,volume,-1.0
close,289,0,0.663957,0.336043,1,volume,-1.0
close,290,0,0.676448,0.323552,1,volume,-1.0
close,291,1,0.692551,0.307449,1,volume,-1.0
close,292,0,0.644461,0.355539,1,volume,-1.0
close,293,1,0.602907,0.397093,1,volume,-1.0
close,294,1,0.581022,0.418978,1,volume,-1.0
close,295,0,0.659078,0.340922,1,volume,-1.0
close,296,0,0.67501,0.32499,1,volume,-1.0
close,297,0,0.692196,0.307804,1,volume,-1.0
close,298,1,0.612897,0.387103,1,volume,-1.0
close,299,0,0.70096,0.29904,1,volume,-1.0
close,300,0,0.602371,0.397629,1,volume,-1.0
close,301,0,0.726082,0.273918,1,volume,-1.0
close,302,0,0.67323,0.32677,1,volume,-1.0
close,303,0,0.680413,0.319587,1,volume,-1.0
close,304,0,0.650094,0.349906,1,volume,-1.0
close,305,0,0.662124,0.337876,1,volume,-1.0
close,306,0,0.670331,0.329669,1,volume,-1.0
close,307,1,0.609005,0.390995,1,volume,-1.0
close,308,0,0.658984,0.341016,1,volume,-1.0
close,309,1,0.661125,0.338875,1,volume,-1.0
close,310,0,0.693122,0.306878,1,volume,-1.0
close,311,0,0.655883,0.344117,1,volume,-1.0
close,312,0,0.690793,0.309207,1,volume,-1.0
close,313,1,0.612579,0.387421,1,volume,-1.0
close,314,0,0.661784,0.338216,1,volume,-1.0
close,315,0,0.676397,0.323603,1,volume,-1.0
close,316,0,0.662312,0.337688,1,volume,-1.0
close,317,0,0.685604,0.314396,1,volume,-1.0
close,318,0,0.662681,0.337319,1,volume,-1.0
close,319,0,0.700796,0.299204,1,volume,-1.0
close,320,0,0.674974,0.325026,1,volume,-1.0
close,321,1,0.651946,0.348054,1,volume,-1.0
close,322,1,0.561765,0.438235,1,volume,-1.0
close,323,0,0.690581,0.309419,1,volume,-1.0
close,324,0,0.662937,0.337063,1,volume,-1.0
close,325,0,0.701638,0.298362,1,volume,-1.0
close,326,1,0.641027,0.358973,1,volume,-1.0
close,327,1,0.62736,0.37264,1,volume,-1.0
close,328,0,0.676505,0.323495,1,volume,-1.0
close,329,0,0.642367,0.357633,1,volume,-1.0
close,330,0,0.643371,0.356629,1,volume,-1.0
close,331,0,0.704665,0.295335,1,volume,-1.0
close,332,0,0.695539,0.304461,1,volume,-1.0
close,333,1,0.628557,0.371443,1,volume,-1.0
close,334,1,0.628979,0.371021,1,volume,-1.0
close,335,0,0.618263,0.381737,1,volume,-1.0
close,336,1,0.670899,0.329101,1,volume,-1.0
close,337,1,0.601646,0.398354,1,volume,-1.0
close,338,1,0.685123,0.314877,1,volume,-1.0
close,339,0,0.668167,0.331833,1,volume,-1.0
close,340,0,0.685773,0.314227,1,volume,-1.0
close,341,1,0.596316,0.403684,1,volume,-1.0
close,342,1,0.589586,0.410414,1,volume,-1.0
close,343,0,0.706476,0.293524,1,volume,-1.0
close,344,0,0.694095,0.305905,1,volume,-1.0
close,345,0,0.67882,0.32118,1,volume,-1.0
close,346,0,0.657961,0.342039,1,volume,-1.0
close,347,1,0.633144,0.366856,1,volume,-1.0
close,348,0,0.699248,0.300752,1,volume,-1.0
close,349,0,0.723587,0.276413,1,volume,-1.0
close,350,1,0.665221,0.334779,1,volume,-1.0
close,351,0,0.629381,0.370619,1,volume,-1.0
close,352,0,0.65725,0.34275,1,volume,-1.0
close,353,0,0.686416,0.313584,1,volume,-1.0
close,354,0,0.647311,0.352689,1,volume,-1.0
close,355,0,0.684197,0.315803,1,volume,-1.0
close,356,0,0.690782,0.309218,1,volume,-1.0
close,357,1,0.651019,0.348981,1,volume,-1.0
close,358,0,0.710542,0.289458,1,volume,-1.0
close,359,0,0.7106,0.2894,1,volume,-1.0
close,360,0,0.681268,0.318732,1,volume,-1.0
close,361,0,0.637198,0.362802,1,volume,-1.0
close,362,1,0.652253,0.347747,1,volume,-1.0
close,363,0,0.681954,0.318046,1,volume,-1.0
close,364,0,0.611107,0.388893,1,volume,-1.0
close,365,0,0.714128,0.285872,1,volume,-1.0
close,366,1,0.601683,0.398317,1,volume,-1.0
close,367,0,0.655852,0.344148,1,volume,-1.0
close,368,0,0.634211,0.365789,1,volume,-1.0
close,369,0,0.645751,0.354249,1,volume,-1.0
close,370,1,0.625511,0.374489,1,volume,-1.0
close,371,0,0.709608,0.290392,1,volume,-1.0
close,372,0,0.67827,0.32173,1,volume,-1.0
close,373,0,0.681644,0.318356,1,volume,-1.0
close,374,0,0.659924,0.340076,1,volume,-1.0
close,375,1,0.651207,0.348793,1,volume,-1.0
close,376,0,0.697335,0.302665,1,volume,-1.0
close,377,0,0.66602,0.33398,1,volume,-1.0
close,378,1,0.604477,0.395523,1,volume,-1.0
close,379,0,0.712362,0.287638,1,volume,-1.0
close,380,0,0.670172,0.329828,1,volume,-1.0
close,381,0,0.65648,0.34352,1,volume,-1.0
close,382,0,0.664835,0.335165,1,volume,-1.0
close,383,0,0.69311,0.30689,1,volume,-1.0
close,384,0,0.670222,0.329778,1,volume,-1.0
close,385,1,0.665044,0.334956,1,volume,-1.0
close,386,0,0.663863,0.336137,1,volume,-1.0
close,387,1,0.668051,0.331949,1,volume,-1.0
close,388,1,0.654991,0.345009,1,volume,-1.0
close,389,0,0.723611,0.276389,1,volume,-1.0
close,390,0,0.664185,0.335815,1,volume,-1.0
close,391,0,0.63399,0.36601,1,volume,-1.0
close,392,1,0.66857,0.33143,1,volume,-1.0
close,393,1,0.615482,0.384518,1,volume,-1.0
close,394,0,0.660868,0.339132,1,volume,-1.0
close,395,0,0.669737,0.330263,1,volume,-1.0
close,396,0,0.64335,0.35665,1,volume,-1.0
close,397,0,0.680002,0.319998,1,volume,-1.0
close,398,1,0.672224,0.327776,1,volume,-1.0
close,399,1,0.649368,0.350632,1,volume,-1.0
close,400,1,0.64472,0.35528,1,volume,-1.0
close,401,0,0.68971,0.31029,1,volume,-1.0
close,402,0,0.651132,0.348868,1,volume,-1.0
close,403,0,0.676137,0.323863,1,volume,-1.0
close,404,0,0.691705,0.308295,1,volume,-1.0
close,405,0,0.643257,0.356743,1,volume,-1.0
close,406,1,0.613205,0.386795,1,volume,-1.0
close,407,1,0.597313,0.402687,1,volume,-1.0
close,408,0,0.710019,0.289981,1,volume,-1.0
close,409,1,0.652435,0.347565,1,volume,-1.0
close,410,0,0.653465,0.346535,1,volume,-1.0
close,411,0,0.667469,0.332531,1,volume,-1.0
close,412,0,0.672274,0.327726,1,volume,-1.0
close,413,1,0.65151,0.34849,1,volume,-1.0
close,414,0,0.66289,0.33711,1,volume,-1.0
close,415,1,0.607299,0.392701,1,volume,-1.0
close,416,0,0.684988,0.315012,1,volume,-1.0
close,417,0,0.67488,0.32512,1,volume,-1.0
close,418,1,0.605675,0.394325,1,volume,-1.0
close,419,0,0.619537,0.380463,1,volume,-1.0
close,420,0,0.658686,0.341314,1,volume,-1.0
close,421,0,0.642666,0.357334,1,volume,-1.0
close,422,0,0.639493,0.360507,1,volume,-1.0
close,423,0,0.667871,0.332129,1,volume,-1.0
close,424,0,0.668983,0.331017,1,volume,-1.0
close,425,0,0.634308,0.365692,1,volume,-1.0
close,426,1,0.547462,0.452538,1,volume,-1.0
close,427,0,0.719767,0.280233,1,volume,-1.0
close,428,0,0.640499,0.359501,1,volume,-1.0
close,429,0,0.684942,0.315058,1,volume,-1.0
close,430,0,0.695872,0.304128,1,volume,-1.0
close,431,0,0.635386,0.364614,1,volume,-1.0
close,432,0,0.685955,0.314045,1,volume,-1.0
close,433,0,0.675497,0.324503,1,volume,-1.0
close,434,0,0.684195,0.315805,1,volume,-1.0
close,435,1,0.627583,0.372417,1,volume,-1.0
close,436,0,0.684936,0.315064,1,volume,-1.0
close,437,0,0.62251,0.37749,1,volume,-1.0
close,438,0,0.663526,0.336474,1,volume,-1.0
close,439,0,0.655864,0.344136,1,volume,-1.0
close,440,0,0.697671,0.302329,1,volume,-1.0
close,441,0,0.672223,0.327777,1,volume,-1.0
close,442,0,0.673682,0.326318,1,volume,-1.0
close,443,0,0.681115,0.318885,1,volume,-1.0
close,444,0,0.661486,0.338514,1,volume,-1.0
close,445,1,0.646231,0.353769,1,volume,-1.0
close,446,0,0.689335,0.310665,1,volume,-1.0
close,447,0,0.62224,0.37776,1,volume,-1.0
close,448,0,0.700809,0.299191,1,volume,-1.0
close,449,0,0.686185,0.313815,1,volume,-1.0
close,450,0,0.670926,0.329074,1,volume,-1.0
close,451,0,0.680915,0.319085,1,volume,-1.0
close,452,0,0.677623,0.322377,1,volume,-1.0
close,453,0,0.618965,0.381035,1,volume,-1.0
close,454,1,0.598025,0.401975,1,volume,-1.0
close,455,0,0.745139,0.254861,1,volume,-1.0
close,456,0,0.65352,0.34648,1,volume,-1.0
close,457,0,0.657147,0.342853,1,volume,-1.0
close,458,1,0.653744,0.346256,1,volume,-1.0
close,459,0,0.679341,0.320659,1,volume,-1.0
close,460,0,0.643272,0.356728,1,volume,-1.0
close,461,1,0.629786,0.370214,1,volume,-1.0
close,462,0,0.652891,0.347109,1,volume,-1.0
close,463,0,0.659272,0.340728,1,volume,-1.0
close,464,0,0.666501,0.333499,1,volume,-1.0
close,465,0,0.682695,0.317305,1,volume,-1.0
close,466,0,0.7013,0.2987,1,volume,-1.0
close,467,1,0.650306,0.349694,1,volume,-1.0
close,468,0,0.650268,0.349732,1,volume,-1.0
close,469,0,0.669277,0.330723,1,volume,-1.0
close,470,1,0.612963,0.387037,1,volume,-1.0
close,471,1,0.593833,0.406167,1,volume,-1.0
close,472,0,0.692094,0.307906,1,volume,-1.0
close,473,1,0.653006,0.346994,1,volume,-1.0
close,474,0,0.692199,0.307801,1,volume,-1.0
close,475,0,0.686531,0.313469,1,volume,-1.0
close,476,0,0.66504,0.33496,1,volume,-1.0
close,477,1,0.640327,0.359673,1,volume,-1.0
close,478,0,0.702312,0.297688,1,volume,-1.0
close,479,1,0.62085,0.37915,1,volume,-1.0
close,480,0,0.625864,0.374136,1,volume,-1.0
close,481,0,0.659602,0.340398,1,volume,-1.0
close,482,0,0.690132,0.309868,1,volume,-1.0
close,483,1,0.642744,0.357256,1,volume,-1.0
close,484,0,0.690584,0.309416,1,volume,-1.0
close,485,0,0.620351,0.379649,1,volume,-1.0
close,486,0,0.643899,0.356101,1,volume,-1.0
close,487,0,0.682787,0.317213,1,volume,-1.0
close,488,1,0.665004,0.334996,1,volume,-1.0
close,489,1,0.597157,0.402843,1,volume,-1.0
close,490,0,0.640208,0.359792,1,volume,-1.0
close,491,1,0.62168,0.37832,1,volume,-1.0
close,492,0,0.691128,0.308872,1,volume,-1.0
close,493,0,0.642964,0.357036,1,volume,-1.0
close,494,0,0.672461,0.327539,1,volume,-1.0
close,495,1,0.619213,0.380787,1,volume,-1.0
close,496,0,0.659587,0.340413,1,volume,-1.0
close,497,0,0.653858,0.346142,1,volume,-1.0
close,498,0,0.695485,0.304515,1,volume,-1.0
close,499,1,0.615767,0.384233,1,volume,-1.0
close,500,1,0.665943,0.334057,1,volume,-1.0
close,501,0,0.688365,0.311635,1,volume,-1.0
close,502,0,0.685622,0.314378,1,volume,-1.0
close,503,0,0.67116,0.32884,1,volume,-1.0
close,504,0,0.707947,0.292053,1,volume,-1.0
close,505,0,0.667135,0.332865,1,volume,-1.0
close,506,0,0.664598,0.335402,1,volume,-1.0
close,507,0,0.717539,0.282461,1,volume,-1.0
close,508,1,0.577031,0.422969,1,volume,-1.0
close,509,1,0.580403,0.419597,1,volume,-1.0
close,510,0,0.685538,0.314462,1,volume,-1.0
close,511,0,0.655674,0.344326,1,volume,-1.0
close,512,0,0.672297,0.327703,1,volume,-1.0
close,513,0,0.697136,0.302864,1,volume,-1.0
close,514,1,0.638107,0.361893,1,volume,-1.0
close,515,0,0.672023,0.327977,1,volume,-1.0
close,516,0,0.668042,0.331958,1,volume,-1.0
close,517,1,0.628226,0.371774,1,volume,-1.0
close,518,0,0.702744,0.297256,1,volume,-1.0
close,519,0,0.642962,0.357038,1,volume,-1.0
close,520,1,0.662422,0.337578,1,volume,-1.0
close,521,1,0.614695,0.385305,1,volume,-1.0
close,522,0,0.700457,0.299543,1,volume,-1.0
close,523,1,0.619607,0.380393,1,volume,-1.0
close,524,0,0.678493,0.321507,1,volume,-1.0
close,525,0,0.649523,0.350477,1,volume,-1.0
close,526,0,0.714668,0.285332,1,volume,-1.0
close,527,0,0.678682,0.321318,1,volume,-1.0
close,528,0,0.713924,0.286076,1,volume,-1.0
close,529,1,0.649064,0.350936,1,volume,-1.0
close,530,0,0.658324,0.341676,1,volume,-1.0
close,531,1,0.64672,0.35328,1,volume,-1.0
close,532,0,0.664814,0.335186,1,volume,-1.0
close,533,0,0.721127,0.278873,1,volume,-1.0
close,534,0,0.678682,0.321318,1,volume,-1.0
close,535,1,0.629093,0.370907,1,volume,-1.0
close,536,0,0.68285,0.31715,1,volume,-1.0
close,537,0,0.684026,0.315974,1,volume,-1.0
close,538,0,0.660252,0.339748,1,volume,-1.0
close,539,1,0.63909,0.36091,1,volume,-1.0
close,540,0,0.675511,0.324489,1,volume,-1.0
close,541,1,0.638987,0.361013,1,volume,-1.0
close,542,0,0.667202,0.332798,1,volume,-1.0
close,543,1,0.64337,0.35663,1,volume,-1.0
close,544,0,0.661118,0.338882,1,volume,-1.0
close,545,1,0.594053,0.405947,1,volume,-1.0
close,546,0,0.670821,0.329179,1,volume,-1.0
close,547,0,0.665303,0.334697,1,volume,-1.0
close,548,1,0.652973,0.347027,1,volume,-1.0
close,549,0,0.692182,0.307818,1,volume,-1.0
close,550,0,0.648318,0.351682,1,volume,-1.0
close,551,0,0.671866,0.328134,1,volume,-1.0
close,552,1,0.63228,0.36772,1,volume,-1.0
close,553,1,0.628531,0.371469,1,volume,-1.0
close,554,1,0.583397,0.416603,1,volume,-1.0
close,555,1,0.646445,0.353555,1,volume,-1.0
close,556,0,0.665252,0.334748,1,volume,-1.0
close,557,0,0.670098,0.329902,1,volume,-1.0
close,558,0,0.688129,0.311871,1,volume,-1.0
close,559,0,0.697217,0.302783,1,volume,-1.0
close,560,0,0.67454,0.32546,1,volume,-1.0
close,561,1,0.617886,0.382114,1,volume,-1.0
close,562,0,0.734295,0.265705,1,volume,-1.0
close,563,0,0.718095,0.281905,1,volume,-1.0
close,564,0,0.69079,0.30921,1,volume,-1.0
close,565,0,0.671069,0.328931,1,volume,-1.0
close,566,0,0.682702,0.317298,1,volume,-1.0
close,567,0,0.667518,0.332482,1,volume,-1.0
close,568,0,0.651624,0.348376,1,volume,-1.0
close,569,1,0.591183,0.408817,1,volume,-1.0
close,570,0,0.66204,0.33796,1,volume,-1.0
close,571,1,0.611504,0.388496,1,volume,-1.0
close,572,0,0.65396,0.34604,1,volume,-1.0
close,573,0,0.697997,0.302003,1,volume,-1.0
close,574,0,0.66199,0.33801,1,volume,-1.0
close,575,1,0.66522,0.33478,1,volume,-1.0
close,576,0,0.638755,0.361245,1,volume,-1.0
close,577,1,0.619199,0.380801,1,volume,-1.0
close,578,0,0.633258,0.366742,1,volume,-1.0
close,579,0,0.703061,0.296939,1,volume,-1.0
close,580,1,0.668192,0.331808,1,volume,-1.0
close,581,0,0.673986,0.326014,1,volume,-1.0
close,582,0,0.705817,0.294183,1,volume,-1.0
close,583,1,0.637578,0.362422,1,volume,-1.0
close,584,0,0.688798,0.311202,1,volume,-1.0
close,585,0,0.679668,0.320332,1,volume,-1.0
close,586,0,0.684752,0.315248,1,volume,-1.0
close,587,0,0.669961,0.330039,1,volume,-1.0
close,588,0,0.693287,0.306713,1,volume,-1.0
close,589,1,0.600294,0.399706,1,volume,-1.0
close,590,0,0.668796,0.331204,1,volume,-1.0
close,591,1,0.635693,0.364307,1,volume,-1.0
close,592,1,0.635192,0.364808,1,volume,-1.0
close,593,0,0.641731,0.358269,1,volume,-1.0
close,594,0,0.702378,0.297622,1,volume,-1.0
close,595,0,0.636861,0.363139,1,volume,-1.0
close,596,0,0.684232,0.315768,1,volume,-1.0
close,597,0,0.672439,0.327561,1,volume,-1.0
close,598,0,0.661547,0.338453,1,volume,-1.0
close,599,0,0.645983,0.354017,1,volume,-1.0
close,600,0,0.671148,0.328852,1,volume,-1.0
close,601,0,0.62453,0.37547,1,volume,-1.0
close,602,1,0.56925,0.43075,1,volume,-1.0
close,603,0,0.702701,0.297299,1,volume,-1.0
close,604,0,0.671876,0.328124,1,volume,-1.0
close,605,0,0.664486,0.335514,1,volume,-1.0
close,606,0,0.674927,0.325073,1,volume,-1.0
close,607,1,0.632024,0.367976,1,volume,-1.0
close,608,0,0.633162,0.366838,1,volume,-1.0
close,609,0,0.665276,0.334724,1,volume,-1.0
close,610,0,0.659423,0.340577,1,volume,-1.0
close,611,0,0.711527,0.288473,1,volume,-1.0
close,612,0,0.659826,0.340174,1,volume,-1.0
close,613,0,0.625018,0.374982,1,volume,-1.0
close,614,0,0.673658,0.326342,1,volume,-1.0
close,615,0,0.665185,0.334815,1,volume,-1.0
close,616,0,0.677604,0.322396,1,volume,-1.0
close,617,0,0.63938,0.36062,1,volume,-1.0
close,618,0,0.680935,0.319065,1,volume,-1.0
close,619,1,0.650776,0.349224,1,volume,-1.0
close,620,1,0.632195,0.367805,1,volume,-1.0
close,621,0,0.665256,0.334744,1,volume,-1.0
close,622,0,0.656876,0.343124,1,volume,-1.0
close,623,1,0.595822,0.404178,1,volume,-1.0
close,624,0,0.724543,0.275457,1,volume,-1.0
close,625,0,0.684736,0.315264,1,volume,-1.0
close,626,0,0.686239,0.313761,1,volume,-1.0
close,627,0,0.674108,0.325892,1,volume,-1.0
close,628,1,0.629334,0.370666,1,volume,-1.0
close,629,0,0.671951,0.328049,1,volume,-1.0
close,630,0,0.694579,0.305421,1,volume,-1.0
close,631,1,0.610549,0.389451,1,volume,-1.0
close,632,1,0.601378,0.398622,1,volume,-1.0
close,633,0,0.623797,0.376203,1,volume,-1.0
close,634,1,0.63852,0.36148,1,volume,-1.0
close,635,0,0.648704,0.351296,1,volume,-1.0
close,636,1,0.66524,0.33476,1,volume,-1.0
close,637,0,0.648431,0.351569,1,volume,-1.0
close,638,0,0.673025,0.326975,1,volume,-1.0
close,639,1,0.663247,0.336753,1,volume,-1.0
close,640,0,0.685192,0.314808,1,volume,-1.0
close,641,0,0.649869,0.350131,1,volume,-1.0
close,642,0,0.684021,0.315979,1,volume,-1.0
close,643,0,0.673272,0.326728,1,volume,-1.0
close,644,0,0.705092,0.294908,1,volume,-1.0
close,645,0,0.684105,0.315895,1,volume,-1.0
close,646,1,0.660521,0.339479,1,volume,-1.0
close,647,0,0.657135,0.342865,1,volume,-1.0
close,648,0,0.710382,0.289618,1,volume,-1.0
close,649,0,0.668663,0.331337,1,volume,-1.0
close,650,0,0.67728,0.32272,1,volume,-1.0
close,651,1,0.614036,0.385964,1,volume,-1.0
close,652,0,0.719398,0.280602,1,volume,-1.0
close,653,1,0.617852,0.382148,1,volume,-1.0
close,654,0,0.68476,0.31524,1,volume,-1.0
close,655,0,0.637206,0.362794,1,volume,-1.0
close,656,0,0.670377,0.329623,1,volume,-1.0
close,657,0,0.676369,0.323631,1,volume,-1.0
close,658,0,0.656201,0.343799,1,volume,-1.0
close,659,0,0.702364,0.297636,1,volume,-1.0
close,660,0,0.685435,0.314565,1,volume,-1.0
close,661,0,0.655159,0.344841,1,volume,-1.0
close,662,0,0.666492,0.333508,1,volume,-1.0
close,663,1,0.691971,0.308029,1,volume,-1.0
close,664,1,0.596243,0.403757,1,volume,-1.0
close,665,0,0.66868,0.33132,1,volume,-1.0
close,666,0,0.682317,0.317683,1,volume,-1.0
close,667,0,0.684589,0.315411,1,volume,-1.0
close,668,0,0.653211,0.346789,1,volume,-1.0
close,669,0,0.675273,0.324727,1,volume,-1.0
close,670,0,0.664996,0.335004,1,volume,-1.0
close,671,0,0.645835,0.354165,1,volume,-1.0
close,672,0,0.59939,0.40061,1,volume,-1.0
close,673,0,0.663585,0.336415,1,volume,-1.0
close,674,1,0.606471,0.393529,1,volume,-1.0
close,675,1,0.614631,0.385369,1,volume,-1.0
close,676,0,0.712865,0.287135,1,volume,-1.0
close,677,1,0.576475,0.423525,1,volume,-1.0
close,678,1,0.583105,0.416895,1,volume,-1.0
close,679,0,0.715018,0.284982,1,volume,-1.0
close,680,1,0.640768,0.359232,1,volume,-1.0
close,681,0,0.682004,0.317996,1,volume,-1.0
close,682,0,0.697158,0.302842,1,volume,-1.0
close,683,0,0.672729,0.327271,1,volume,-1.0
close,684,0,0.700357,0.299643,1,volume,-1.0
close,685,0,0.649597,0.350403,1,volume,-1.0
close,686,0,0.672053,0.327947,1,volume,-1.0
close,687,0,0.724974,0.275026,1,volume,-1.0
close,688,0,0.723828,0.276172,1,volume,-1.0
close,689,0,0.682924,0.317076,1,volume,-1.0
close,690,1,0.635161,0.364839,1,volume,-1.0
close,691,0,0.666876,0.333124,1,volume,-1.0
close,692,0,0.651642,0.348358,1,volume,-1.0
close,693,1,0.662024,0.337976,1,volume,-1.0
close,694,0,0.665933,0.334067,1,volume,-1.0
close,695,0,0.62949,0.37051,1,volume,-1.0
close,696,0,0.633959,0.366041,1,volume,-1.0
close,697,0,0.633258,0.366742,1,volume,-1.0
close,698,1,0.638959,0.361041,1,volume,-1.0
close,699,0,0.686072,0.313928,1,volume,-1.0
close,700,1,0.611458,0.388542,1,volume,-1.0
close,701,0,0.660329,0.339671,1,volume,-1.0
close,702,0,0.663166,0.336834,1,volume,-1.0
close,703,0,0.667003,0.332997,1,volume,-1.0
close,704,0,0.709616,0.290384,1,volume,-1.0
close,705,0,0.714833,0.285167,1,volume,-1.0
close,706,0,0.660887,0.339113,1,volume,-1.0
close,707,0,0.670665,0.329335,1,volume,-1.0
close,708,0,0.639314,0.360686,1,volume,-1.0
close,709,0,0.664454,0.335546,1,volume,-1.0
close,710,0,0.666347,0.333653,1,volume,-1.0
close,711,0,0.660476,0.339524,1,volume,-1.0
close,712,0,0.694996,0.305004,1,volume,-1.0
close,713,1,0.630491,0.369509,1,volume,-1.0
close,714,1,0.698693,0.301307,1,volume,-1.0
close,715,1,0.659965,0.340035,1,volume,-1.0
close,716,1,0.691345,0.308655,1,volume,-1.0
close,717,0,0.69077,0.30923,1,volume,-1.0
close,718,0,0.638196,0.361804,1,volume,-1.0
